dni,nombre
44289653,Roberto Alvarez
38456789,Maria Gonzalez
42158963,Carlos Rodriguez
35789456,Ana Martinez
41236547,Diego Fernandez
39874521,Lucia Sanchez
44562318,Pablo Torres
37951236,Sofia Diaz
43658741,Martin Lopez
40123789,Valentina Castro
36541289,Juan Perez
33789456,Carla Ruiz
45123789,Fernando Silva
39654123,Daniela Moreno
41987654,Matias Romero
38741258,Camila Herrera
42369852,Nicolas Benitez
37852963,Laura Campos
44785236,Alejandro Peralta
40258741,Florencia Navarro
35963147,Gabriel Vega
43159753,Valentina Flores
41753951,Lucas Martinez
38951753,Isabella Gomez
42741852,Santiago Diaz
39258147,Emma Castro
44963258,Benjamin Lopez
37147852,Mia Rodriguez
43852369,Mateo Fernandez
40741963,Olivia Sanchez
36852741,Liam Torres
42369147,Sophia Garcia
38147963,Noah Ramirez
44258741,Ava Mendez
41369852,Elijah Ortiz
39741258,Charlotte Silva
43147369,Lucas Morales
37963258,Amelia Gutierrez
42852147,Oliver Castro
40369741,Harper Diaz
35741852,Ethan Martinez
44147963,Evelyn Lopez
38852369,Alexander Torres
43369258,Abigail Sanchez
41852741,William Flores
39147852,Emily Romero
42963147,James Herrera
37258963,Elizabeth Benitez
44741258,Michael Campos
40852369,Sofia Navarro